Turn,Player Name,Profession,Strategy,Salary,Passive Income,Taxes,Other Expenses,Total Expenses,Child Cost,Savings,Loans,Sold Assets,No. Children,Cashflow,Stock Assets,Real Estate Assets,Business Assets,No. Dice,Die Roll,Board Space No. Before,Board Space No. After,Passed Paycheck,Board Space After
1,Player1,"
Profession:     Engineer
Salary:         4900
Taxes:          1050
Other Expenses: 1090
Cost per Child: 250
Savings:        400
No. Loans:      5
Loan Name:             Mortgage
   Loan Balance:       75000
   Loan Payment:       700
   Part. Pay. Allowed: False
Loan Name:             School Loans
   Loan Balance:       12000
   Loan Payment:       60
   Part. Pay. Allowed: False
Loan Name:             Car Loans
   Loan Balance:       7000
   Loan Payment:       140
   Part. Pay. Allowed: False
Loan Name:             Credit Cards
   Loan Balance:       4000
   Loan Payment:       120
   Part. Pay. Allowed: False
Loan Name:             Retail Debt
   Loan Balance:       1000
   Loan Payment:       50
   Part. Pay. Allowed: False",Dave Ramsey,4900,0,1050,1090,3210,250,400,5,0,0,1690,0,0,0,1,6,0,6,True,Opportunity
2,Player1,"
Profession:     Engineer
Salary:         4900
Taxes:          1050
Other Expenses: 1090
Cost per Child: 250
Savings:        400
No. Loans:      5
Loan Name:             Mortgage
   Loan Balance:       75000
   Loan Payment:       700
   Part. Pay. Allowed: False
Loan Name:             School Loans
   Loan Balance:       12000
   Loan Payment:       60
   Part. Pay. Allowed: False
Loan Name:             Car Loans
   Loan Balance:       7000
   Loan Payment:       140
   Part. Pay. Allowed: False
Loan Name:             Credit Cards
   Loan Balance:       4000
   Loan Payment:       120
   Part. Pay. Allowed: False
Loan Name:             Retail Debt
   Loan Balance:       1000
   Loan Payment:       50
   Part. Pay. Allowed: False",Dave Ramsey,4900,0,1050,1090,3210,250,2090,5,0,0,1690,0,0,0,1,1,6,7,False,The Market
3,Player1,"
Profession:     Engineer
Salary:         4900
Taxes:          1050
Other Expenses: 1090
Cost per Child: 250
Savings:        400
No. Loans:      5
Loan Name:             Mortgage
   Loan Balance:       75000
   Loan Payment:       700
   Part. Pay. Allowed: False
Loan Name:             School Loans
   Loan Balance:       12000
   Loan Payment:       60
   Part. Pay. Allowed: False
Loan Name:             Car Loans
   Loan Balance:       7000
   Loan Payment:       140
   Part. Pay. Allowed: False
Loan Name:             Credit Cards
   Loan Balance:       4000
   Loan Payment:       120
   Part. Pay. Allowed: False
Loan Name:             Retail Debt
   Loan Balance:       1000
   Loan Payment:       50
   Part. Pay. Allowed: False",Dave Ramsey,4900,0,1050,1090,3210,250,2090,5,0,0,1690,0,0,0,1,6,7,13,True,Pay Check
4,Player1,"
Profession:     Engineer
Salary:         4900
Taxes:          1050
Other Expenses: 1090
Cost per Child: 250
Savings:        400
No. Loans:      5
Loan Name:             Mortgage
   Loan Balance:       75000
   Loan Payment:       700
   Part. Pay. Allowed: False
Loan Name:             School Loans
   Loan Balance:       12000
   Loan Payment:       60
   Part. Pay. Allowed: False
Loan Name:             Car Loans
   Loan Balance:       7000
   Loan Payment:       140
   Part. Pay. Allowed: False
Loan Name:             Credit Cards
   Loan Balance:       4000
   Loan Payment:       120
   Part. Pay. Allowed: False
Loan Name:             Retail Debt
   Loan Balance:       1000
   Loan Payment:       50
   Part. Pay. Allowed: False",Dave Ramsey,4900,0,1050,1090,3210,250,3780,5,0,0,1690,0,0,0,1,5,13,18,False,Opportunity
5,Player1,"
Profession:     Engineer
Salary:         4900
Taxes:          1050
Other Expenses: 1090
Cost per Child: 250
Savings:        400
No. Loans:      5
Loan Name:             Mortgage
   Loan Balance:       75000
   Loan Payment:       700
   Part. Pay. Allowed: False
Loan Name:             School Loans
   Loan Balance:       12000
   Loan Payment:       60
   Part. Pay. Allowed: False
Loan Name:             Car Loans
   Loan Balance:       7000
   Loan Payment:       140
   Part. Pay. Allowed: False
Loan Name:             Credit Cards
   Loan Balance:       4000
   Loan Payment:       120
   Part. Pay. Allowed: False
Loan Name:             Retail Debt
   Loan Balance:       1000
   Loan Payment:       50
   Part. Pay. Allowed: False",Dave Ramsey,4900,0,1050,1090,3210,250,780,5,0,0,1690,0,0,0,1,2,18,20,False,Opportunity
6,Player1,"
Profession:     Engineer
Salary:         4900
Taxes:          1050
Other Expenses: 1090
Cost per Child: 250
Savings:        400
No. Loans:      5
Loan Name:             Mortgage
   Loan Balance:       75000
   Loan Payment:       700
   Part. Pay. Allowed: False
Loan Name:             School Loans
   Loan Balance:       12000
   Loan Payment:       60
   Part. Pay. Allowed: False
Loan Name:             Car Loans
   Loan Balance:       7000
   Loan Payment:       140
   Part. Pay. Allowed: False
Loan Name:             Credit Cards
   Loan Balance:       4000
   Loan Payment:       120
   Part. Pay. Allowed: False
Loan Name:             Retail Debt
   Loan Balance:       1000
   Loan Payment:       50
   Part. Pay. Allowed: False",Dave Ramsey,4900,0,1050,1090,3710,250,780,6,0,0,1190,0,0,0,1,6,20,3,True,Charity
7,Player1,"
Profession:     Engineer
Salary:         4900
Taxes:          1050
Other Expenses: 1090
Cost per Child: 250
Savings:        400
No. Loans:      5
Loan Name:             Mortgage
   Loan Balance:       75000
   Loan Payment:       700
   Part. Pay. Allowed: False
Loan Name:             School Loans
   Loan Balance:       12000
   Loan Payment:       60
   Part. Pay. Allowed: False
Loan Name:             Car Loans
   Loan Balance:       7000
   Loan Payment:       140
   Part. Pay. Allowed: False
Loan Name:             Credit Cards
   Loan Balance:       4000
   Loan Payment:       120
   Part. Pay. Allowed: False
Loan Name:             Retail Debt
   Loan Balance:       1000
   Loan Payment:       50
   Part. Pay. Allowed: False",Dave Ramsey,4900,0,1050,1090,3710,250,1480,6,0,0,1190,0,0,0,2,4,3,7,True,The Market
8,Player1,"
Profession:     Engineer
Salary:         4900
Taxes:          1050
Other Expenses: 1090
Cost per Child: 250
Savings:        400
No. Loans:      5
Loan Name:             Mortgage
   Loan Balance:       75000
   Loan Payment:       700
   Part. Pay. Allowed: False
Loan Name:             School Loans
   Loan Balance:       12000
   Loan Payment:       60
   Part. Pay. Allowed: False
Loan Name:             Car Loans
   Loan Balance:       7000
   Loan Payment:       140
   Part. Pay. Allowed: False
Loan Name:             Credit Cards
   Loan Balance:       4000
   Loan Payment:       120
   Part. Pay. Allowed: False
Loan Name:             Retail Debt
   Loan Balance:       1000
   Loan Payment:       50
   Part. Pay. Allowed: False",Dave Ramsey,4900,0,1050,1090,3710,250,2670,6,0,0,1190,0,0,0,2,3,7,10,False,Opportunity
9,Player1,"
Profession:     Engineer
Salary:         4900
Taxes:          1050
Other Expenses: 1090
Cost per Child: 250
Savings:        400
No. Loans:      5
Loan Name:             Mortgage
   Loan Balance:       75000
   Loan Payment:       700
   Part. Pay. Allowed: False
Loan Name:             School Loans
   Loan Balance:       12000
   Loan Payment:       60
   Part. Pay. Allowed: False
Loan Name:             Car Loans
   Loan Balance:       7000
   Loan Payment:       140
   Part. Pay. Allowed: False
Loan Name:             Credit Cards
   Loan Balance:       4000
   Loan Payment:       120
   Part. Pay. Allowed: False
Loan Name:             Retail Debt
   Loan Balance:       1000
   Loan Payment:       50
   Part. Pay. Allowed: False",Dave Ramsey,4900,0,1050,1090,3710,250,2670,6,0,0,1190,0,0,0,2,4,10,14,True,Opportunity
10,Player1,"
Profession:     Engineer
Salary:         4900
Taxes:          1050
Other Expenses: 1090
Cost per Child: 250
Savings:        400
No. Loans:      5
Loan Name:             Mortgage
   Loan Balance:       75000
   Loan Payment:       700
   Part. Pay. Allowed: False
Loan Name:             School Loans
   Loan Balance:       12000
   Loan Payment:       60
   Part. Pay. Allowed: False
Loan Name:             Car Loans
   Loan Balance:       7000
   Loan Payment:       140
   Part. Pay. Allowed: False
Loan Name:             Credit Cards
   Loan Balance:       4000
   Loan Payment:       120
   Part. Pay. Allowed: False
Loan Name:             Retail Debt
   Loan Balance:       1000
   Loan Payment:       50
   Part. Pay. Allowed: False",Dave Ramsey,4900,0,1050,1090,3710,250,3860,6,0,0,1190,0,0,0,1,1,14,15,False,The Market
11,Player1,"
Profession:     Engineer
Salary:         4900
Taxes:          1050
Other Expenses: 1090
Cost per Child: 250
Savings:        400
No. Loans:      5
Loan Name:             Mortgage
   Loan Balance:       75000
   Loan Payment:       700
   Part. Pay. Allowed: False
Loan Name:             School Loans
   Loan Balance:       12000
   Loan Payment:       60
   Part. Pay. Allowed: False
Loan Name:             Car Loans
   Loan Balance:       7000
   Loan Payment:       140
   Part. Pay. Allowed: False
Loan Name:             Credit Cards
   Loan Balance:       4000
   Loan Payment:       120
   Part. Pay. Allowed: False
Loan Name:             Retail Debt
   Loan Balance:       1000
   Loan Payment:       50
   Part. Pay. Allowed: False",Dave Ramsey,4900,0,1050,1090,3710,250,3860,6,0,0,1190,0,0,0,1,4,15,19,False,Downsized
12,Player1,"
Profession:     Engineer
Salary:         4900
Taxes:          1050
Other Expenses: 1090
Cost per Child: 250
Savings:        400
No. Loans:      5
Loan Name:             Mortgage
   Loan Balance:       75000
   Loan Payment:       700
   Part. Pay. Allowed: False
Loan Name:             School Loans
   Loan Balance:       12000
   Loan Payment:       60
   Part. Pay. Allowed: False
Loan Name:             Car Loans
   Loan Balance:       7000
   Loan Payment:       140
   Part. Pay. Allowed: False
Loan Name:             Credit Cards
   Loan Balance:       4000
   Loan Payment:       120
   Part. Pay. Allowed: False
Loan Name:             Retail Debt
   Loan Balance:       1000
   Loan Payment:       50
   Part. Pay. Allowed: False",Dave Ramsey,4900,0,1050,1090,3710,250,150,6,0,0,1190,0,0,0,1,Use Layoff
13,Player1,"
Profession:     Engineer
Salary:         4900
Taxes:          1050
Other Expenses: 1090
Cost per Child: 250
Savings:        400
No. Loans:      5
Loan Name:             Mortgage
   Loan Balance:       75000
   Loan Payment:       700
   Part. Pay. Allowed: False
Loan Name:             School Loans
   Loan Balance:       12000
   Loan Payment:       60
   Part. Pay. Allowed: False
Loan Name:             Car Loans
   Loan Balance:       7000
   Loan Payment:       140
   Part. Pay. Allowed: False
Loan Name:             Credit Cards
   Loan Balance:       4000
   Loan Payment:       120
   Part. Pay. Allowed: False
Loan Name:             Retail Debt
   Loan Balance:       1000
   Loan Payment:       50
   Part. Pay. Allowed: False",Dave Ramsey,4900,0,1050,1090,3710,250,150,6,0,0,1190,0,0,0,1,Use Layoff
14,Player1,"
Profession:     Engineer
Salary:         4900
Taxes:          1050
Other Expenses: 1090
Cost per Child: 250
Savings:        400
No. Loans:      5
Loan Name:             Mortgage
   Loan Balance:       75000
   Loan Payment:       700
   Part. Pay. Allowed: False
Loan Name:             School Loans
   Loan Balance:       12000
   Loan Payment:       60
   Part. Pay. Allowed: False
Loan Name:             Car Loans
   Loan Balance:       7000
   Loan Payment:       140
   Part. Pay. Allowed: False
Loan Name:             Credit Cards
   Loan Balance:       4000
   Loan Payment:       120
   Part. Pay. Allowed: False
Loan Name:             Retail Debt
   Loan Balance:       1000
   Loan Payment:       50
   Part. Pay. Allowed: False",Dave Ramsey,4900,0,1050,1090,3710,250,150,6,0,0,1190,0,0,0,1,6,19,2,True,Opportunity
15,Player1,"
Profession:     Engineer
Salary:         4900
Taxes:          1050
Other Expenses: 1090
Cost per Child: 250
Savings:        400
No. Loans:      5
Loan Name:             Mortgage
   Loan Balance:       75000
   Loan Payment:       700
   Part. Pay. Allowed: False
Loan Name:             School Loans
   Loan Balance:       12000
   Loan Payment:       60
   Part. Pay. Allowed: False
Loan Name:             Car Loans
   Loan Balance:       7000
   Loan Payment:       140
   Part. Pay. Allowed: False
Loan Name:             Credit Cards
   Loan Balance:       4000
   Loan Payment:       120
   Part. Pay. Allowed: False
Loan Name:             Retail Debt
   Loan Balance:       1000
   Loan Payment:       50
   Part. Pay. Allowed: False",Dave Ramsey,4900,0,1050,1090,3710,250,1340,6,0,0,1190,0,0,0,1,2,2,4,False,Opportunity
16,Player1,"
Profession:     Engineer
Salary:         4900
Taxes:          1050
Other Expenses: 1090
Cost per Child: 250
Savings:        400
No. Loans:      5
Loan Name:             Mortgage
   Loan Balance:       75000
   Loan Payment:       700
   Part. Pay. Allowed: False
Loan Name:             School Loans
   Loan Balance:       12000
   Loan Payment:       60
   Part. Pay. Allowed: False
Loan Name:             Car Loans
   Loan Balance:       7000
   Loan Payment:       140
   Part. Pay. Allowed: False
Loan Name:             Credit Cards
   Loan Balance:       4000
   Loan Payment:       120
   Part. Pay. Allowed: False
Loan Name:             Retail Debt
   Loan Balance:       1000
   Loan Payment:       50
   Part. Pay. Allowed: False",Dave Ramsey,4900,0,1050,1090,3710,250,1340,6,0,0,1190,0,0,0,1,5,4,9,True,Doodads
17,Player1,"
Profession:     Engineer
Salary:         4900
Taxes:          1050
Other Expenses: 1090
Cost per Child: 250
Savings:        400
No. Loans:      5
Loan Name:             Mortgage
   Loan Balance:       75000
   Loan Payment:       700
   Part. Pay. Allowed: False
Loan Name:             School Loans
   Loan Balance:       12000
   Loan Payment:       60
   Part. Pay. Allowed: False
Loan Name:             Car Loans
   Loan Balance:       7000
   Loan Payment:       140
   Part. Pay. Allowed: False
Loan Name:             Credit Cards
   Loan Balance:       4000
   Loan Payment:       120
   Part. Pay. Allowed: False
Loan Name:             Retail Debt
   Loan Balance:       1000
   Loan Payment:       50
   Part. Pay. Allowed: False",Dave Ramsey,4900,0,1050,1090,3830,250,2530,7,0,0,1070,0,0,0,1,6,9,15,True,The Market
18,Player1,"
Profession:     Engineer
Salary:         4900
Taxes:          1050
Other Expenses: 1090
Cost per Child: 250
Savings:        400
No. Loans:      5
Loan Name:             Mortgage
   Loan Balance:       75000
   Loan Payment:       700
   Part. Pay. Allowed: False
Loan Name:             School Loans
   Loan Balance:       12000
   Loan Payment:       60
   Part. Pay. Allowed: False
Loan Name:             Car Loans
   Loan Balance:       7000
   Loan Payment:       140
   Part. Pay. Allowed: False
Loan Name:             Credit Cards
   Loan Balance:       4000
   Loan Payment:       120
   Part. Pay. Allowed: False
Loan Name:             Retail Debt
   Loan Balance:       1000
   Loan Payment:       50
   Part. Pay. Allowed: False",Dave Ramsey,4900,0,1050,1090,3830,250,3600,7,0,0,1070,0,0,0,1,1,15,16,False,Opportunity
19,Player1,"
Profession:     Engineer
Salary:         4900
Taxes:          1050
Other Expenses: 1090
Cost per Child: 250
Savings:        400
No. Loans:      5
Loan Name:             Mortgage
   Loan Balance:       75000
   Loan Payment:       700
   Part. Pay. Allowed: False
Loan Name:             School Loans
   Loan Balance:       12000
   Loan Payment:       60
   Part. Pay. Allowed: False
Loan Name:             Car Loans
   Loan Balance:       7000
   Loan Payment:       140
   Part. Pay. Allowed: False
Loan Name:             Credit Cards
   Loan Balance:       4000
   Loan Payment:       120
   Part. Pay. Allowed: False
Loan Name:             Retail Debt
   Loan Balance:       1000
   Loan Payment:       50
   Part. Pay. Allowed: False",Dave Ramsey,4900,250,1050,1090,3830,250,1600,7,0,0,1320,0,1,0,1,2,16,18,False,Opportunity
20,Player1,"
Profession:     Engineer
Salary:         4900
Taxes:          1050
Other Expenses: 1090
Cost per Child: 250
Savings:        400
No. Loans:      5
Loan Name:             Mortgage
   Loan Balance:       75000
   Loan Payment:       700
   Part. Pay. Allowed: False
Loan Name:             School Loans
   Loan Balance:       12000
   Loan Payment:       60
   Part. Pay. Allowed: False
Loan Name:             Car Loans
   Loan Balance:       7000
   Loan Payment:       140
   Part. Pay. Allowed: False
Loan Name:             Credit Cards
   Loan Balance:       4000
   Loan Payment:       120
   Part. Pay. Allowed: False
Loan Name:             Retail Debt
   Loan Balance:       1000
   Loan Payment:       50
   Part. Pay. Allowed: False",Dave Ramsey,4900,470,1050,1090,3930,250,600,8,0,0,1440,0,2,0,1,2,18,20,False,Opportunity
21,Player1,"
Profession:     Engineer
Salary:         4900
Taxes:          1050
Other Expenses: 1090
Cost per Child: 250
Savings:        400
No. Loans:      5
Loan Name:             Mortgage
   Loan Balance:       75000
   Loan Payment:       700
   Part. Pay. Allowed: False
Loan Name:             School Loans
   Loan Balance:       12000
   Loan Payment:       60
   Part. Pay. Allowed: False
Loan Name:             Car Loans
   Loan Balance:       7000
   Loan Payment:       140
   Part. Pay. Allowed: False
Loan Name:             Credit Cards
   Loan Balance:       4000
   Loan Payment:       120
   Part. Pay. Allowed: False
Loan Name:             Retail Debt
   Loan Balance:       1000
   Loan Payment:       50
   Part. Pay. Allowed: False",Dave Ramsey,4900,630,1050,1090,4430,250,600,9,0,0,1100,0,3,0,1,6,20,3,True,Charity
22,Player1,"
Profession:     Engineer
Salary:         4900
Taxes:          1050
Other Expenses: 1090
Cost per Child: 250
Savings:        400
No. Loans:      5
Loan Name:             Mortgage
   Loan Balance:       75000
   Loan Payment:       700
   Part. Pay. Allowed: False
Loan Name:             School Loans
   Loan Balance:       12000
   Loan Payment:       60
   Part. Pay. Allowed: False
Loan Name:             Car Loans
   Loan Balance:       7000
   Loan Payment:       140
   Part. Pay. Allowed: False
Loan Name:             Credit Cards
   Loan Balance:       4000
   Loan Payment:       120
   Part. Pay. Allowed: False
Loan Name:             Retail Debt
   Loan Balance:       1000
   Loan Payment:       50
   Part. Pay. Allowed: False",Dave Ramsey,4900,630,1050,1090,4430,250,1210,9,0,0,1100,0,3,0,2,5,3,8,True,Opportunity
23,Player1,"
Profession:     Engineer
Salary:         4900
Taxes:          1050
Other Expenses: 1090
Cost per Child: 250
Savings:        400
No. Loans:      5
Loan Name:             Mortgage
   Loan Balance:       75000
   Loan Payment:       700
   Part. Pay. Allowed: False
Loan Name:             School Loans
   Loan Balance:       12000
   Loan Payment:       60
   Part. Pay. Allowed: False
Loan Name:             Car Loans
   Loan Balance:       7000
   Loan Payment:       140
   Part. Pay. Allowed: False
Loan Name:             Credit Cards
   Loan Balance:       4000
   Loan Payment:       120
   Part. Pay. Allowed: False
Loan Name:             Retail Debt
   Loan Balance:       1000
   Loan Payment:       50
   Part. Pay. Allowed: False",Dave Ramsey,4900,830,1050,1090,4630,250,310,10,0,0,1100,0,4,0,2,4,8,12,False,Opportunity
24,Player1,"
Profession:     Engineer
Salary:         4900
Taxes:          1050
Other Expenses: 1090
Cost per Child: 250
Savings:        400
No. Loans:      5
Loan Name:             Mortgage
   Loan Balance:       75000
   Loan Payment:       700
   Part. Pay. Allowed: False
Loan Name:             School Loans
   Loan Balance:       12000
   Loan Payment:       60
   Part. Pay. Allowed: False
Loan Name:             Car Loans
   Loan Balance:       7000
   Loan Payment:       140
   Part. Pay. Allowed: False
Loan Name:             Credit Cards
   Loan Balance:       4000
   Loan Payment:       120
   Part. Pay. Allowed: False
Loan Name:             Retail Debt
   Loan Balance:       1000
   Loan Payment:       50
   Part. Pay. Allowed: False",Dave Ramsey,4900,930,1050,1090,4930,250,310,11,0,0,900,0,5,0,2,7,12,19,True,Downsized
25,Player1,"
Profession:     Engineer
Salary:         4900
Taxes:          1050
Other Expenses: 1090
Cost per Child: 250
Savings:        400
No. Loans:      5
Loan Name:             Mortgage
   Loan Balance:       75000
   Loan Payment:       700
   Part. Pay. Allowed: False
Loan Name:             School Loans
   Loan Balance:       12000
   Loan Payment:       60
   Part. Pay. Allowed: False
Loan Name:             Car Loans
   Loan Balance:       7000
   Loan Payment:       140
   Part. Pay. Allowed: False
Loan Name:             Credit Cards
   Loan Balance:       4000
   Loan Payment:       120
   Part. Pay. Allowed: False
Loan Name:             Retail Debt
   Loan Balance:       1000
   Loan Payment:       50
   Part. Pay. Allowed: False",Dave Ramsey,4900,930,1050,1090,5330,250,280,12,0,0,500,0,5,0,1,Use Layoff
26,Player1,"
Profession:     Engineer
Salary:         4900
Taxes:          1050
Other Expenses: 1090
Cost per Child: 250
Savings:        400
No. Loans:      5
Loan Name:             Mortgage
   Loan Balance:       75000
   Loan Payment:       700
   Part. Pay. Allowed: False
Loan Name:             School Loans
   Loan Balance:       12000
   Loan Payment:       60
   Part. Pay. Allowed: False
Loan Name:             Car Loans
   Loan Balance:       7000
   Loan Payment:       140
   Part. Pay. Allowed: False
Loan Name:             Credit Cards
   Loan Balance:       4000
   Loan Payment:       120
   Part. Pay. Allowed: False
Loan Name:             Retail Debt
   Loan Balance:       1000
   Loan Payment:       50
   Part. Pay. Allowed: False",Dave Ramsey,4900,930,1050,1090,5330,250,280,12,0,0,500,0,5,0,1,Use Layoff
27,Player1,"
Profession:     Engineer
Salary:         4900
Taxes:          1050
Other Expenses: 1090
Cost per Child: 250
Savings:        400
No. Loans:      5
Loan Name:             Mortgage
   Loan Balance:       75000
   Loan Payment:       700
   Part. Pay. Allowed: False
Loan Name:             School Loans
   Loan Balance:       12000
   Loan Payment:       60
   Part. Pay. Allowed: False
Loan Name:             Car Loans
   Loan Balance:       7000
   Loan Payment:       140
   Part. Pay. Allowed: False
Loan Name:             Credit Cards
   Loan Balance:       4000
   Loan Payment:       120
   Part. Pay. Allowed: False
Loan Name:             Retail Debt
   Loan Balance:       1000
   Loan Payment:       50
   Part. Pay. Allowed: False",Dave Ramsey,4900,930,1050,1090,5330,250,280,12,0,0,500,0,5,0,1,5,19,1,True,Doodads
28,Player1,"
Profession:     Engineer
Salary:         4900
Taxes:          1050
Other Expenses: 1090
Cost per Child: 250
Savings:        400
No. Loans:      5
Loan Name:             Mortgage
   Loan Balance:       75000
   Loan Payment:       700
   Part. Pay. Allowed: False
Loan Name:             School Loans
   Loan Balance:       12000
   Loan Payment:       60
   Part. Pay. Allowed: False
Loan Name:             Car Loans
   Loan Balance:       7000
   Loan Payment:       140
   Part. Pay. Allowed: False
Loan Name:             Credit Cards
   Loan Balance:       4000
   Loan Payment:       120
   Part. Pay. Allowed: False
Loan Name:             Retail Debt
   Loan Balance:       1000
   Loan Payment:       50
   Part. Pay. Allowed: False",Dave Ramsey,4900,930,1050,1090,5670,250,-220,13,0,0,160,0,5,0,1,5,1,6,True,Opportunity
29,Player1,"
Profession:     Engineer
Salary:         4900
Taxes:          1050
Other Expenses: 1090
Cost per Child: 250
Savings:        400
No. Loans:      5
Loan Name:             Mortgage
   Loan Balance:       75000
   Loan Payment:       700
   Part. Pay. Allowed: False
Loan Name:             School Loans
   Loan Balance:       12000
   Loan Payment:       60
   Part. Pay. Allowed: False
Loan Name:             Car Loans
   Loan Balance:       7000
   Loan Payment:       140
   Part. Pay. Allowed: False
Loan Name:             Credit Cards
   Loan Balance:       4000
   Loan Payment:       120
   Part. Pay. Allowed: False
Loan Name:             Retail Debt
   Loan Balance:       1000
   Loan Payment:       50
   Part. Pay. Allowed: False",Dave Ramsey,4900,830,1050,1090,5770,250,940,14,0,0,-40,0,6,0,1,6,6,12,False,Opportunity
30,Player1,"
Profession:     Engineer
Salary:         4900
Taxes:          1050
Other Expenses: 1090
Cost per Child: 250
Savings:        400
No. Loans:      5
Loan Name:             Mortgage
   Loan Balance:       75000
   Loan Payment:       700
   Part. Pay. Allowed: False
Loan Name:             School Loans
   Loan Balance:       12000
   Loan Payment:       60
   Part. Pay. Allowed: False
Loan Name:             Car Loans
   Loan Balance:       7000
   Loan Payment:       140
   Part. Pay. Allowed: False
Loan Name:             Credit Cards
   Loan Balance:       4000
   Loan Payment:       120
   Part. Pay. Allowed: False
Loan Name:             Retail Debt
   Loan Balance:       1000
   Loan Payment:       50
   Part. Pay. Allowed: False",Dave Ramsey,4900,930,1050,1090,5770,250,940,14,0,0,60,0,7,0,1,3,12,15,True,The Market
31,Player1,"
Profession:     Engineer
Salary:         4900
Taxes:          1050
Other Expenses: 1090
Cost per Child: 250
Savings:        400
No. Loans:      5
Loan Name:             Mortgage
   Loan Balance:       75000
   Loan Payment:       700
   Part. Pay. Allowed: False
Loan Name:             School Loans
   Loan Balance:       12000
   Loan Payment:       60
   Part. Pay. Allowed: False
Loan Name:             Car Loans
   Loan Balance:       7000
   Loan Payment:       140
   Part. Pay. Allowed: False
Loan Name:             Credit Cards
   Loan Balance:       4000
   Loan Payment:       120
   Part. Pay. Allowed: False
Loan Name:             Retail Debt
   Loan Balance:       1000
   Loan Payment:       50
   Part. Pay. Allowed: False",Dave Ramsey,4900,930,1050,1090,5770,250,1000,14,0,0,60,0,7,0,1,3,15,18,False,Opportunity
32,Player1,"
Profession:     Engineer
Salary:         4900
Taxes:          1050
Other Expenses: 1090
Cost per Child: 250
Savings:        400
No. Loans:      5
Loan Name:             Mortgage
   Loan Balance:       75000
   Loan Payment:       700
   Part. Pay. Allowed: False
Loan Name:             School Loans
   Loan Balance:       12000
   Loan Payment:       60
   Part. Pay. Allowed: False
Loan Name:             Car Loans
   Loan Balance:       7000
   Loan Payment:       140
   Part. Pay. Allowed: False
Loan Name:             Credit Cards
   Loan Balance:       4000
   Loan Payment:       120
   Part. Pay. Allowed: False
Loan Name:             Retail Debt
   Loan Balance:       1000
   Loan Payment:       50
   Part. Pay. Allowed: False",Dave Ramsey,4900,930,1050,1090,5770,250,1000,14,0,0,60,0,7,0,1,6,18,1,True,Doodads
33,Player1,"
Profession:     Engineer
Salary:         4900
Taxes:          1050
Other Expenses: 1090
Cost per Child: 250
Savings:        400
No. Loans:      5
Loan Name:             Mortgage
   Loan Balance:       75000
   Loan Payment:       700
   Part. Pay. Allowed: False
Loan Name:             School Loans
   Loan Balance:       12000
   Loan Payment:       60
   Part. Pay. Allowed: False
Loan Name:             Car Loans
   Loan Balance:       7000
   Loan Payment:       140
   Part. Pay. Allowed: False
Loan Name:             Credit Cards
   Loan Balance:       4000
   Loan Payment:       120
   Part. Pay. Allowed: False
Loan Name:             Retail Debt
   Loan Balance:       1000
   Loan Payment:       50
   Part. Pay. Allowed: False",Dave Ramsey,4900,930,1050,1090,5770,250,1060,14,0,0,60,0,7,0,1,4,1,5,True,Pay Check
34,Player1,"
Profession:     Engineer
Salary:         4900
Taxes:          1050
Other Expenses: 1090
Cost per Child: 250
Savings:        400
No. Loans:      5
Loan Name:             Mortgage
   Loan Balance:       75000
   Loan Payment:       700
   Part. Pay. Allowed: False
Loan Name:             School Loans
   Loan Balance:       12000
   Loan Payment:       60
   Part. Pay. Allowed: False
Loan Name:             Car Loans
   Loan Balance:       7000
   Loan Payment:       140
   Part. Pay. Allowed: False
Loan Name:             Credit Cards
   Loan Balance:       4000
   Loan Payment:       120
   Part. Pay. Allowed: False
Loan Name:             Retail Debt
   Loan Balance:       1000
   Loan Payment:       50
   Part. Pay. Allowed: False",Dave Ramsey,4900,930,1050,1090,5770,250,1120,14,0,0,60,0,7,0,1,3,5,8,False,Opportunity
35,Player1,"
Profession:     Engineer
Salary:         4900
Taxes:          1050
Other Expenses: 1090
Cost per Child: 250
Savings:        400
No. Loans:      5
Loan Name:             Mortgage
   Loan Balance:       75000
   Loan Payment:       700
   Part. Pay. Allowed: False
Loan Name:             School Loans
   Loan Balance:       12000
   Loan Payment:       60
   Part. Pay. Allowed: False
Loan Name:             Car Loans
   Loan Balance:       7000
   Loan Payment:       140
   Part. Pay. Allowed: False
Loan Name:             Credit Cards
   Loan Balance:       4000
   Loan Payment:       120
   Part. Pay. Allowed: False
Loan Name:             Retail Debt
   Loan Balance:       1000
   Loan Payment:       50
   Part. Pay. Allowed: False",Dave Ramsey,4900,930,1050,1090,5770,250,1120,14,0,0,60,0,7,0,1,5,8,13,True,Pay Check
36,Player1,"
Profession:     Engineer
Salary:         4900
Taxes:          1050
Other Expenses: 1090
Cost per Child: 250
Savings:        400
No. Loans:      5
Loan Name:             Mortgage
   Loan Balance:       75000
   Loan Payment:       700
   Part. Pay. Allowed: False
Loan Name:             School Loans
   Loan Balance:       12000
   Loan Payment:       60
   Part. Pay. Allowed: False
Loan Name:             Car Loans
   Loan Balance:       7000
   Loan Payment:       140
   Part. Pay. Allowed: False
Loan Name:             Credit Cards
   Loan Balance:       4000
   Loan Payment:       120
   Part. Pay. Allowed: False
Loan Name:             Retail Debt
   Loan Balance:       1000
   Loan Payment:       50
   Part. Pay. Allowed: False",Dave Ramsey,4900,930,1050,1090,5770,250,1180,14,0,0,60,0,7,0,1,1,13,14,False,Opportunity
37,Player1,"
Profession:     Engineer
Salary:         4900
Taxes:          1050
Other Expenses: 1090
Cost per Child: 250
Savings:        400
No. Loans:      5
Loan Name:             Mortgage
   Loan Balance:       75000
   Loan Payment:       700
   Part. Pay. Allowed: False
Loan Name:             School Loans
   Loan Balance:       12000
   Loan Payment:       60
   Part. Pay. Allowed: False
Loan Name:             Car Loans
   Loan Balance:       7000
   Loan Payment:       140
   Part. Pay. Allowed: False
Loan Name:             Credit Cards
   Loan Balance:       4000
   Loan Payment:       120
   Part. Pay. Allowed: False
Loan Name:             Retail Debt
   Loan Balance:       1000
   Loan Payment:       50
   Part. Pay. Allowed: False",Dave Ramsey,4900,930,1050,1090,5770,250,1180,14,0,0,60,0,7,0,1,2,14,16,False,Opportunity
38,Player1,"
Profession:     Engineer
Salary:         4900
Taxes:          1050
Other Expenses: 1090
Cost per Child: 250
Savings:        400
No. Loans:      5
Loan Name:             Mortgage
   Loan Balance:       75000
   Loan Payment:       700
   Part. Pay. Allowed: False
Loan Name:             School Loans
   Loan Balance:       12000
   Loan Payment:       60
   Part. Pay. Allowed: False
Loan Name:             Car Loans
   Loan Balance:       7000
   Loan Payment:       140
   Part. Pay. Allowed: False
Loan Name:             Credit Cards
   Loan Balance:       4000
   Loan Payment:       120
   Part. Pay. Allowed: False
Loan Name:             Retail Debt
   Loan Balance:       1000
   Loan Payment:       50
   Part. Pay. Allowed: False",Dave Ramsey,4900,930,1050,1090,5770,250,1180,14,0,0,60,0,7,0,1,1,16,17,False,Doodads
39,Player1,"
Profession:     Engineer
Salary:         4900
Taxes:          1050
Other Expenses: 1090
Cost per Child: 250
Savings:        400
No. Loans:      5
Loan Name:             Mortgage
   Loan Balance:       75000
   Loan Payment:       700
   Part. Pay. Allowed: False
Loan Name:             School Loans
   Loan Balance:       12000
   Loan Payment:       60
   Part. Pay. Allowed: False
Loan Name:             Car Loans
   Loan Balance:       7000
   Loan Payment:       140
   Part. Pay. Allowed: False
Loan Name:             Credit Cards
   Loan Balance:       4000
   Loan Payment:       120
   Part. Pay. Allowed: False
Loan Name:             Retail Debt
   Loan Balance:       1000
   Loan Payment:       50
   Part. Pay. Allowed: False",Dave Ramsey,4900,930,1050,1090,5770,250,1180,14,0,0,60,0,7,0,1,4,17,21,True,Pay Check
40,Player1,"
Profession:     Engineer
Salary:         4900
Taxes:          1050
Other Expenses: 1090
Cost per Child: 250
Savings:        400
No. Loans:      5
Loan Name:             Mortgage
   Loan Balance:       75000
   Loan Payment:       700
   Part. Pay. Allowed: False
Loan Name:             School Loans
   Loan Balance:       12000
   Loan Payment:       60
   Part. Pay. Allowed: False
Loan Name:             Car Loans
   Loan Balance:       7000
   Loan Payment:       140
   Part. Pay. Allowed: False
Loan Name:             Credit Cards
   Loan Balance:       4000
   Loan Payment:       120
   Part. Pay. Allowed: False
Loan Name:             Retail Debt
   Loan Balance:       1000
   Loan Payment:       50
   Part. Pay. Allowed: False",Dave Ramsey,4900,930,1050,1090,5770,250,1240,14,0,0,60,0,7,0,1,4,21,2,False,Opportunity
41,Player1,"
Profession:     Engineer
Salary:         4900
Taxes:          1050
Other Expenses: 1090
Cost per Child: 250
Savings:        400
No. Loans:      5
Loan Name:             Mortgage
   Loan Balance:       75000
   Loan Payment:       700
   Part. Pay. Allowed: False
Loan Name:             School Loans
   Loan Balance:       12000
   Loan Payment:       60
   Part. Pay. Allowed: False
Loan Name:             Car Loans
   Loan Balance:       7000
   Loan Payment:       140
   Part. Pay. Allowed: False
Loan Name:             Credit Cards
   Loan Balance:       4000
   Loan Payment:       120
   Part. Pay. Allowed: False
Loan Name:             Retail Debt
   Loan Balance:       1000
   Loan Payment:       50
   Part. Pay. Allowed: False",Dave Ramsey,4900,930,1050,1090,5770,250,1240,14,0,0,60,0,7,0,1,2,2,4,False,Opportunity
42,Player1,"
Profession:     Engineer
Salary:         4900
Taxes:          1050
Other Expenses: 1090
Cost per Child: 250
Savings:        400
No. Loans:      5
Loan Name:             Mortgage
   Loan Balance:       75000
   Loan Payment:       700
   Part. Pay. Allowed: False
Loan Name:             School Loans
   Loan Balance:       12000
   Loan Payment:       60
   Part. Pay. Allowed: False
Loan Name:             Car Loans
   Loan Balance:       7000
   Loan Payment:       140
   Part. Pay. Allowed: False
Loan Name:             Credit Cards
   Loan Balance:       4000
   Loan Payment:       120
   Part. Pay. Allowed: False
Loan Name:             Retail Debt
   Loan Balance:       1000
   Loan Payment:       50
   Part. Pay. Allowed: False",Dave Ramsey,4900,930,1050,1090,5770,250,1240,14,0,0,60,0,7,0,1,1,4,5,True,Pay Check
43,Player1,"
Profession:     Engineer
Salary:         4900
Taxes:          1050
Other Expenses: 1090
Cost per Child: 250
Savings:        400
No. Loans:      5
Loan Name:             Mortgage
   Loan Balance:       75000
   Loan Payment:       700
   Part. Pay. Allowed: False
Loan Name:             School Loans
   Loan Balance:       12000
   Loan Payment:       60
   Part. Pay. Allowed: False
Loan Name:             Car Loans
   Loan Balance:       7000
   Loan Payment:       140
   Part. Pay. Allowed: False
Loan Name:             Credit Cards
   Loan Balance:       4000
   Loan Payment:       120
   Part. Pay. Allowed: False
Loan Name:             Retail Debt
   Loan Balance:       1000
   Loan Payment:       50
   Part. Pay. Allowed: False",Dave Ramsey,4900,930,1050,1090,5770,250,1300,14,0,0,60,0,7,0,1,5,5,10,False,Opportunity
44,Player1,"
Profession:     Engineer
Salary:         4900
Taxes:          1050
Other Expenses: 1090
Cost per Child: 250
Savings:        400
No. Loans:      5
Loan Name:             Mortgage
   Loan Balance:       75000
   Loan Payment:       700
   Part. Pay. Allowed: False
Loan Name:             School Loans
   Loan Balance:       12000
   Loan Payment:       60
   Part. Pay. Allowed: False
Loan Name:             Car Loans
   Loan Balance:       7000
   Loan Payment:       140
   Part. Pay. Allowed: False
Loan Name:             Credit Cards
   Loan Balance:       4000
   Loan Payment:       120
   Part. Pay. Allowed: False
Loan Name:             Retail Debt
   Loan Balance:       1000
   Loan Payment:       50
   Part. Pay. Allowed: False",Dave Ramsey,4900,930,1050,1090,5770,250,1300,14,0,0,60,0,7,0,1,6,10,16,True,Opportunity
45,Player1,"
Profession:     Engineer
Salary:         4900
Taxes:          1050
Other Expenses: 1090
Cost per Child: 250
Savings:        400
No. Loans:      5
Loan Name:             Mortgage
   Loan Balance:       75000
   Loan Payment:       700
   Part. Pay. Allowed: False
Loan Name:             School Loans
   Loan Balance:       12000
   Loan Payment:       60
   Part. Pay. Allowed: False
Loan Name:             Car Loans
   Loan Balance:       7000
   Loan Payment:       140
   Part. Pay. Allowed: False
Loan Name:             Credit Cards
   Loan Balance:       4000
   Loan Payment:       120
   Part. Pay. Allowed: False
Loan Name:             Retail Debt
   Loan Balance:       1000
   Loan Payment:       50
   Part. Pay. Allowed: False",Dave Ramsey,4900,930,1050,1090,5770,250,1360,14,0,0,60,0,7,0,1,1,16,17,False,Doodads
46,Player1,"
Profession:     Engineer
Salary:         4900
Taxes:          1050
Other Expenses: 1090
Cost per Child: 250
Savings:        400
No. Loans:      5
Loan Name:             Mortgage
   Loan Balance:       75000
   Loan Payment:       700
   Part. Pay. Allowed: False
Loan Name:             School Loans
   Loan Balance:       12000
   Loan Payment:       60
   Part. Pay. Allowed: False
Loan Name:             Car Loans
   Loan Balance:       7000
   Loan Payment:       140
   Part. Pay. Allowed: False
Loan Name:             Credit Cards
   Loan Balance:       4000
   Loan Payment:       120
   Part. Pay. Allowed: False
Loan Name:             Retail Debt
   Loan Balance:       1000
   Loan Payment:       50
   Part. Pay. Allowed: False",Dave Ramsey,4900,930,1050,1090,5770,250,1360,14,0,0,60,0,7,0,1,2,17,19,False,Downsized
47,Player1,"
Profession:     Engineer
Salary:         4900
Taxes:          1050
Other Expenses: 1090
Cost per Child: 250
Savings:        400
No. Loans:      5
Loan Name:             Mortgage
   Loan Balance:       75000
   Loan Payment:       700
   Part. Pay. Allowed: False
Loan Name:             School Loans
   Loan Balance:       12000
   Loan Payment:       60
   Part. Pay. Allowed: False
Loan Name:             Car Loans
   Loan Balance:       7000
   Loan Payment:       140
   Part. Pay. Allowed: False
Loan Name:             Credit Cards
   Loan Balance:       4000
   Loan Payment:       120
   Part. Pay. Allowed: False
Loan Name:             Retail Debt
   Loan Balance:       1000
   Loan Payment:       50
   Part. Pay. Allowed: False",Dave Ramsey,4900,930,1050,1090,6270,250,590,15,0,0,-440,0,7,0,1,Use Layoff
48,Player1,"
Profession:     Engineer
Salary:         4900
Taxes:          1050
Other Expenses: 1090
Cost per Child: 250
Savings:        400
No. Loans:      5
Loan Name:             Mortgage
   Loan Balance:       75000
   Loan Payment:       700
   Part. Pay. Allowed: False
Loan Name:             School Loans
   Loan Balance:       12000
   Loan Payment:       60
   Part. Pay. Allowed: False
Loan Name:             Car Loans
   Loan Balance:       7000
   Loan Payment:       140
   Part. Pay. Allowed: False
Loan Name:             Credit Cards
   Loan Balance:       4000
   Loan Payment:       120
   Part. Pay. Allowed: False
Loan Name:             Retail Debt
   Loan Balance:       1000
   Loan Payment:       50
   Part. Pay. Allowed: False",Dave Ramsey,4900,930,1050,1090,6270,250,590,15,0,0,-440,0,7,0,1,Use Layoff
49,Player1,"
Profession:     Engineer
Salary:         4900
Taxes:          1050
Other Expenses: 1090
Cost per Child: 250
Savings:        400
No. Loans:      5
Loan Name:             Mortgage
   Loan Balance:       75000
   Loan Payment:       700
   Part. Pay. Allowed: False
Loan Name:             School Loans
   Loan Balance:       12000
   Loan Payment:       60
   Part. Pay. Allowed: False
Loan Name:             Car Loans
   Loan Balance:       7000
   Loan Payment:       140
   Part. Pay. Allowed: False
Loan Name:             Credit Cards
   Loan Balance:       4000
   Loan Payment:       120
   Part. Pay. Allowed: False
Loan Name:             Retail Debt
   Loan Balance:       1000
   Loan Payment:       50
   Part. Pay. Allowed: False",Dave Ramsey,4900,930,1050,1090,6270,250,590,15,0,0,-440,0,7,0,1,1,19,20,False,Opportunity
50,Player1,"
Profession:     Engineer
Salary:         4900
Taxes:          1050
Other Expenses: 1090
Cost per Child: 250
Savings:        400
No. Loans:      5
Loan Name:             Mortgage
   Loan Balance:       75000
   Loan Payment:       700
   Part. Pay. Allowed: False
Loan Name:             School Loans
   Loan Balance:       12000
   Loan Payment:       60
   Part. Pay. Allowed: False
Loan Name:             Car Loans
   Loan Balance:       7000
   Loan Payment:       140
   Part. Pay. Allowed: False
Loan Name:             Credit Cards
   Loan Balance:       4000
   Loan Payment:       120
   Part. Pay. Allowed: False
Loan Name:             Retail Debt
   Loan Balance:       1000
   Loan Payment:       50
   Part. Pay. Allowed: False",Dave Ramsey,4900,930,1050,1090,6270,250,150,15,0,0,-440,0,7,0,1,1,"
Name:              Player1
Profession:        
Profession:     Engineer
Salary:         4900
Taxes:          1050
Other Expenses: 1090
Cost per Child: 250
Savings:        400
No. Loans:      5
Loan Name:             Mortgage
   Loan Balance:       75000
   Loan Payment:       700
   Part. Pay. Allowed: False
Loan Name:             School Loans
   Loan Balance:       12000
   Loan Payment:       60
   Part. Pay. Allowed: False
Loan Name:             Car Loans
   Loan Balance:       7000
   Loan Payment:       140
   Part. Pay. Allowed: False
Loan Name:             Credit Cards
   Loan Balance:       4000
   Loan Payment:       120
   Part. Pay. Allowed: False
Loan Name:             Retail Debt
   Loan Balance:       1000
   Loan Payment:       50
   Part. Pay. Allowed: False

Salary:            4900
Taxes:             1050
Other Expenses:    1090
Children:          0
Cost per Child:    250
Savings:           150
Total Income:      5830
Passive Income:    930
Total Expenses:    6270
Monthly Cash Flow: -440
No. Loans:         15
Loan Name:             Mortgage
   Loan Balance:       75000
   Loan Payment:       700
   Part. Pay. Allowed: False
Loan Name:             School Loans
   Loan Balance:       12000
   Loan Payment:       60
   Part. Pay. Allowed: False
Loan Name:             Car Loans
   Loan Balance:       7000
   Loan Payment:       140
   Part. Pay. Allowed: False
Loan Name:             Credit Cards
   Loan Balance:       4000
   Loan Payment:       120
   Part. Pay. Allowed: False
Loan Name:             Retail Debt
   Loan Balance:       1000
   Loan Payment:       50
   Part. Pay. Allowed: False
Loan Name:             Bank Loan
   Loan Balance:       5000
   Loan Payment:       500
   Part. Pay. Allowed: True
Loan Name:             Big Screen TV Loan
   Loan Balance:       4000
   Loan Payment:       120
   Part. Pay. Allowed: False
Loan Name:             Bank Loan
   Loan Balance:       1000
   Loan Payment:       100
   Part. Pay. Allowed: True
Loan Name:             Bank Loan
   Loan Balance:       5000
   Loan Payment:       500
   Part. Pay. Allowed: True
Loan Name:             Bank Loan
   Loan Balance:       2000
   Loan Payment:       200
   Part. Pay. Allowed: True
Loan Name:             Bank Loan
   Loan Balance:       3000
   Loan Payment:       300
   Part. Pay. Allowed: True
Loan Name:             Bank Loan
   Loan Balance:       4000
   Loan Payment:       400
   Part. Pay. Allowed: True
Loan Name:             Boat Loan
   Loan Balance:       17000
   Loan Payment:       340
   Part. Pay. Allowed: False
Loan Name:             Bank Loan
   Loan Balance:       1000
   Loan Payment:       100
   Part. Pay. Allowed: True
Loan Name:             Bank Loan
   Loan Balance:       5000
   Loan Payment:       500
   Part. Pay. Allowed: True

No. Assets:        7

 Type:             HouseForSale
   Name:           You Find a Great Deal!
   house_or_condo: House
   Cost:           45000
   Down Payment:   2000
   Cash Flow:      250
   Units:          0
   Acres:          0
   Price Range:    65000 - 135000
   ROI:            1.5
 Type:             HouseForSale
   Name:           You Find a Great Deal!
   house_or_condo: House
   Cost:           35000
   Down Payment:   2000
   Cash Flow:      220
   Units:          0
   Acres:          0
   Price Range:    65000 - 135000
   ROI:            1.32
 Type:             HouseForSale
   Name:           House For Sale - 3Br/2Ba
   house_or_condo: House
   Cost:           65000
   Down Payment:   5000
   Cash Flow:      160
   Units:          0
   Acres:          0
   Price Range:    65000 - 135000
   ROI:            0.384
 Type:             HouseForSale
   Name:           House For Sale - 3Br/2Ba
   house_or_condo: House
   Cost:           50000
   Down Payment:   4000
   Cash Flow:      200
   Units:          0
   Acres:          0
   Price Range:    65000 - 135000
   ROI:            0.6
 Type:             HouseForSale
   Name:           House For Sale - 3Br/2Ba
   house_or_condo: House
   Cost:           50000
   Down Payment:   3000
   Cash Flow:      100
   Units:          0
   Acres:          0
   Price Range:    65000 - 135000
   ROI:            0.4
 Type:             HouseForSale
   Name:           House For Sale - 3Br/2Ba
   house_or_condo: House
   Cost:           50000
   Down Payment:   0
   Cash Flow:      -100
   Units:          0
   Acres:          0
   Price Range:    65000 - 135000
   ROI:            1.0
 Type:             HouseForSale
   Name:           House For Sale - 3Br/2Ba
   house_or_condo: House
   Cost:           50000
   Down Payment:   0
   Cash Flow:      100
   Units:          0
   Acres:          0
   Price Range:    65000 - 135000
   ROI:            1.0

Strategy:          
 Strategy Name:              Dave Ramsey
 Manual:                     False
 ROI Threshold:              0.2
 Price Ratio Threshold:      0.5
 Take Downpayment Loans:     True
 Take Any Loans:             True
 Charitable:                 True
 Big Deal Savings Threshold: 5000
 Loan Payback Strategy:      Smallest","
Name:              Player1
Profession:        
Profession:     Engineer
Salary:         4900
Taxes:          1050
Other Expenses: 1090
Cost per Child: 250
Savings:        400
No. Loans:      5
Loan Name:             Mortgage
   Loan Balance:       75000
   Loan Payment:       700
   Part. Pay. Allowed: False
Loan Name:             School Loans
   Loan Balance:       12000
   Loan Payment:       60
   Part. Pay. Allowed: False
Loan Name:             Car Loans
   Loan Balance:       7000
   Loan Payment:       140
   Part. Pay. Allowed: False
Loan Name:             Credit Cards
   Loan Balance:       4000
   Loan Payment:       120
   Part. Pay. Allowed: False
Loan Name:             Retail Debt
   Loan Balance:       1000
   Loan Payment:       50
   Part. Pay. Allowed: False

Salary:            4900
Taxes:             1050
Other Expenses:    1090
Children:          0
Cost per Child:    250
Savings:           150
Total Income:      5830
Passive Income:    930
Total Expenses:    6270
Monthly Cash Flow: -440
No. Loans:         15
Loan Name:             Mortgage
   Loan Balance:       75000
   Loan Payment:       700
   Part. Pay. Allowed: False
Loan Name:             School Loans
   Loan Balance:       12000
   Loan Payment:       60
   Part. Pay. Allowed: False
Loan Name:             Car Loans
   Loan Balance:       7000
   Loan Payment:       140
   Part. Pay. Allowed: False
Loan Name:             Credit Cards
   Loan Balance:       4000
   Loan Payment:       120
   Part. Pay. Allowed: False
Loan Name:             Retail Debt
   Loan Balance:       1000
   Loan Payment:       50
   Part. Pay. Allowed: False
Loan Name:             Bank Loan
   Loan Balance:       5000
   Loan Payment:       500
   Part. Pay. Allowed: True
Loan Name:             Big Screen TV Loan
   Loan Balance:       4000
   Loan Payment:       120
   Part. Pay. Allowed: False
Loan Name:             Bank Loan
   Loan Balance:       1000
   Loan Payment:       100
   Part. Pay. Allowed: True
Loan Name:             Bank Loan
   Loan Balance:       5000
   Loan Payment:       500
   Part. Pay. Allowed: True
Loan Name:             Bank Loan
   Loan Balance:       2000
   Loan Payment:       200
   Part. Pay. Allowed: True
Loan Name:             Bank Loan
   Loan Balance:       3000
   Loan Payment:       300
   Part. Pay. Allowed: True
Loan Name:             Bank Loan
   Loan Balance:       4000
   Loan Payment:       400
   Part. Pay. Allowed: True
Loan Name:             Boat Loan
   Loan Balance:       17000
   Loan Payment:       340
   Part. Pay. Allowed: False
Loan Name:             Bank Loan
   Loan Balance:       1000
   Loan Payment:       100
   Part. Pay. Allowed: True
Loan Name:             Bank Loan
   Loan Balance:       5000
   Loan Payment:       500
   Part. Pay. Allowed: True

No. Assets:        7

 Type:             HouseForSale
   Name:           You Find a Great Deal!
   house_or_condo: House
   Cost:           45000
   Down Payment:   2000
   Cash Flow:      250
   Units:          0
   Acres:          0
   Price Range:    65000 - 135000
   ROI:            1.5
 Type:             HouseForSale
   Name:           You Find a Great Deal!
   house_or_condo: House
   Cost:           35000
   Down Payment:   2000
   Cash Flow:      220
   Units:          0
   Acres:          0
   Price Range:    65000 - 135000
   ROI:            1.32
 Type:             HouseForSale
   Name:           House For Sale - 3Br/2Ba
   house_or_condo: House
   Cost:           65000
   Down Payment:   5000
   Cash Flow:      160
   Units:          0
   Acres:          0
   Price Range:    65000 - 135000
   ROI:            0.384
 Type:             HouseForSale
   Name:           House For Sale - 3Br/2Ba
   house_or_condo: House
   Cost:           50000
   Down Payment:   4000
   Cash Flow:      200
   Units:          0
   Acres:          0
   Price Range:    65000 - 135000
   ROI:            0.6
 Type:             HouseForSale
   Name:           House For Sale - 3Br/2Ba
   house_or_condo: House
   Cost:           50000
   Down Payment:   3000
   Cash Flow:      100
   Units:          0
   Acres:          0
   Price Range:    65000 - 135000
   ROI:            0.4
 Type:             HouseForSale
   Name:           House For Sale - 3Br/2Ba
   house_or_condo: House
   Cost:           50000
   Down Payment:   0
   Cash Flow:      -100
   Units:          0
   Acres:          0
   Price Range:    65000 - 135000
   ROI:            1.0
 Type:             HouseForSale
   Name:           House For Sale - 3Br/2Ba
   house_or_condo: House
   Cost:           50000
   Down Payment:   0
   Cash Flow:      100
   Units:          0
   Acres:          0
   Price Range:    65000 - 135000
   ROI:            1.0

Strategy:          
 Strategy Name:              Dave Ramsey
 Manual:                     False
 ROI Threshold:              0.2
 Price Ratio Threshold:      0.5
 Take Downpayment Loans:     True
 Take Any Loans:             True
 Charitable:                 True
 Big Deal Savings Threshold: 5000
 Loan Payback Strategy:      Smallest",True,Pay Check
End of simulation
